{
  "Original": {
    "label": "Original",
    "iterations": [
      10,
      30,
      100,
      300,
      1000,
      3000,
      10000
    ],
    "exploits": [
      0.811707812692088,
      0.2871720613808547,
      0.09000159430884819,
      0.033800577910375953,
      0.011428145490275703,
      0.004907521476842133,
      0.001999047245548967
    ],
    "train_seconds_at_ckpt": [
      1.8734965324401855,
      4.676738262176514,
      14.26491117477417,
      40.27156615257263,
      85.36956357955933,
      176.84286761283875,
      514.1950325965881
    ],
    "total_infosets": 936,
    "total_wall_seconds": 516.2982878684998
  },
  "Rank-canonical": {
    "label": "Rank-canonical",
    "iterations": [
      10,
      30,
      100,
      300,
      1000,
      3000,
      10000
    ],
    "exploits": [
      0.8117078126920882,
      0.2871720613808545,
      0.09000159430884831,
      0.03380057790951987,
      0.011428675585735307,
      0.004783950423046274,
      0.001993327847176117
    ],
    "train_seconds_at_ckpt": [
      0.08720016479492188,
      0.25968122482299805,
      0.8700594902038574,
      2.6014153957366943,
      8.62564754486084,
      25.89728593826294,
      90.29348421096802
    ],
    "total_infosets": 288,
    "total_wall_seconds": 91.47989511489868
  }
}