{
  "Original": {
    "label": "Original",
    "iterations": [
      10000,
      30000,
      100000,
      300000,
      1000000,
      3000000,
      10000000
    ],
    "exploits": [
      0.6948118555485039,
      0.48608836574510417,
      0.30705354275389957,
      0.21092638006240894,
      0.11931161847636051,
      0.06125066816598069,
      0.10293208269314147
    ],
    "train_seconds_at_ckpt": [
      0.45624518394470215,
      1.347933292388916,
      4.494578123092651,
      13.419623374938965,
      44.863614320755005,
      136.82938814163208,
      462.7285168170929
    ],
    "total_infosets": 936
  },
  "Suit (regime 1)": {
    "label": "Suit (regime 1)",
    "iterations": [
      10000,
      30000,
      100000,
      300000,
      1000000,
      3000000,
      10000000
    ],
    "exploits": [
      0.5547753668040918,
      0.41727035169708504,
      0.217878553214363,
      0.14257493354551493,
      0.11028649608219093,
      0.11245846483264238,
      0.16927312660181773
    ],
    "train_seconds_at_ckpt": [
      0.47949695587158203,
      1.4081971645355225,
      4.588886499404907,
      13.62571907043457,
      45.35029888153076,
      136.26169753074646,
      465.4860098361969
    ],
    "total_infosets": 288
  },
  "Rank (regime 2)": {
    "label": "Rank (regime 2)",
    "iterations": [
      10000,
      30000,
      100000,
      300000,
      1000000,
      3000000,
      10000000
    ],
    "exploits": [
      0.4276395799638377,
      0.28820440160508654,
      0.19106323702780387,
      0.12060880399639817,
      0.12832867061441455,
      0.0799777460078088,
      0.05637243919335549
    ],
    "train_seconds_at_ckpt": [
      0.44622325897216797,
      1.3770999908447266,
      4.546784400939941,
      13.463715076446533,
      45.00574564933777,
      134.09141421318054,
      452.0750787258148
    ],
    "total_infosets": 288
  }
}