{
  "cfr_plus": {
    "times": [
      10.185173988342285,
      20.262771129608154,
      30.297313928604126,
      40.629929065704346,
      50.86198306083679,
      61.02004837989807,
      71.03828120231628,
      81.23271894454956,
      91.2335147857666,
      101.27933359146118,
      111.47446298599243,
      121.70530676841736,
      131.70532608032227,
      141.90552854537964,
      152.0692219734192,
      162.35804629325867,
      172.4567596912384,
      182.66314792633057,
      192.68642568588257,
      202.91470193862915,
      212.97338461875916,
      223.09976053237915,
      233.26149249076843,
      243.48309636116028,
      253.60131549835205,
      263.6629981994629,
      273.82134199142456,
      284.01298904418945,
      294.24214220046997,
      300.19699788093567
    ],
    "exploits": [
      0.09928261030551166,
      0.042939866291117235,
      0.024863946305439616,
      0.015271687654354993,
      0.010769088993479503,
      0.007717469922829512,
      0.006359313848743553,
      0.004537507286308057,
      0.003523471517650534,
      0.0028979225593479957,
      0.0024270464689996607,
      0.002005365160389322,
      0.001906979890680588,
      0.0014701935588328496,
      0.0012694768703961357,
      0.0012035569864111695,
      0.0011339053975429614,
      0.0009769634860291587,
      0.0009026354412140225,
      0.0007811941223124785,
      0.0007460410997028877,
      0.0006146296044209354,
      0.0005680799166083439,
      0.0005466510367215793,
      0.0005994977695523707,
      0.0005220723334140032,
      0.0004650667257099228,
      0.0004233333438619369,
      0.00038399932533592085,
      0.00042179290593974406
    ]
  },
  "outcome_sampling": {
    "times": [
      10.000625371932983,
      20.000975847244263,
      30.001030683517456,
      40.00116038322449,
      50.001439332962036,
      60.00180912017822,
      70.00236105918884,
      80.00318217277527,
      90.00362157821655,
      100.00406098365784,
      110.00447034835815,
      120.00464534759521,
      130.00546145439148,
      140.00570225715637,
      150.00581431388855,
      160.0059208869934,
      170.0067012310028,
      180.00680947303772,
      190.00728917121887,
      200.00768399238586,
      210.00789952278137,
      220.00813913345337,
      230.0084056854248,
      240.00873613357544,
      250.00904035568237,
      260.0097990036011,
      270.0101308822632,
      280.0106666088104,
      290.0113627910614,
      300.00027656555176
    ],
    "exploits": [
      1.9963030422650199,
      1.4311764226794341,
      1.3270139278669806,
      1.3591024164884018,
      1.2558410045193498,
      1.1358458902069866,
      1.1014020086615566,
      1.0529934923355404,
      1.0273280026862612,
      0.9366958515664704,
      0.8553016333225019,
      0.8025553783136998,
      0.757898238949562,
      0.7266439718812258,
      0.7102232452860903,
      0.7057337948973685,
      0.7179970182243951,
      0.7234219437358456,
      0.7038923196124078,
      0.6764579121432579,
      0.6562308414990603,
      0.635067998936113,
      0.6230816126491658,
      0.6337645711550106,
      0.6227122610672401,
      0.6131205216721567,
      0.6001921930289318,
      0.5701493336384473,
      0.5418659760901386,
      0.5270698182336975
    ]
  }
}